<?xml version="1.0" encoding="UTF-8"?>
<project-private xmlns="http://www.netbeans.org/ns/project-private/1">
    <editor-bookmarks xmlns="http://www.netbeans.org/ns/editor-bookmarks/2" lastBookmarkId="0"/>
    <open-files xmlns="http://www.netbeans.org/ns/projectui-open-files/2">
        <group>
            <file>file:/C:/Users/turan/Documents/NetBeansProjects/AracKiralama/src/arackiralama/Iucrethesapla.java</file>
            <file>file:/C:/Users/turan/Documents/NetBeansProjects/AracKiralama/src/arackiralama/Dosyaislemleri.java</file>
            <file>file:/C:/Users/turan/Documents/NetBeansProjects/AracKiralama/src/arackiralama/AdminMenu.java</file>
            <file>file:/C:/Users/turan/Documents/NetBeansProjects/AracKiralama/src/arackiralama/Musteri.java</file>
            <file>file:/C:/Users/turan/Documents/NetBeansProjects/AracKiralama/src/arackiralama/adminarabageri.java</file>
            <file>file:/C:/Users/turan/Documents/NetBeansProjects/AracKiralama/src/arackiralama/AracKiralama.java</file>
            <file>file:/C:/Users/turan/Documents/NetBeansProjects/AracKiralama/src/arackiralama/ArabaKayit.java</file>
            <file>file:/C:/Users/turan/Documents/NetBeansProjects/AracKiralama/src/arackiralama/Main.java</file>
            <file>file:/C:/Users/turan/Documents/NetBeansProjects/AracKiralama/src/arackiralama/Ödeme.java</file>
            <file>file:/C:/Users/turan/Documents/NetBeansProjects/AracKiralama/src/arackiralama/ArabaGeri.java</file>
            <file>file:/C:/Users/turan/Documents/NetBeansProjects/AracKiralama/src/arackiralama/Aracsahipleri.java</file>
            <file>file:/C:/Users/turan/Documents/NetBeansProjects/AracKiralama/src/arackiralama/AnaMenu.java</file>
            <file>file:/C:/Users/turan/Documents/NetBeansProjects/AracKiralama/src/arackiralama/KullaniciKayit.java</file>
            <file>file:/C:/Users/turan/Documents/NetBeansProjects/AracKiralama/src/arackiralama/Arabalar.java</file>
            <file>file:/C:/Users/turan/Documents/NetBeansProjects/AracKiralama/src/arackiralama/KullaniciGiris.java</file>
        </group>
    </open-files>
</project-private>
